date,watch_time_minutes,views,subscribers,video_thumbnail_impressions,video_thumbnail_impressions_ctr
10-09-14,0,0,0,0,0
11-09-14,0,0,0,0,0
12-09-14,0,0,0,0,0
13-09-14,0,0,0,0,0
14-09-14,0,0,0,0,0
15-09-14,0,0,0,0,0
16-09-14,0,0,0,0,0
17-09-14,0,0,0,0,0
18-09-14,0,0,0,0,0
19-09-14,0,0,0,0,0
20-09-14,0,0,0,0,0
21-09-14,0,0,0,0,0
22-09-14,0,0,0,0,0
23-09-14,0,0,0,0,0
24-09-14,0,0,0,0,0
25-09-14,0,0,0,0,0
26-09-14,0,0,0,0,0
27-09-14,0,0,0,0,0
28-09-14,0,0,0,0,0
29-09-14,0,0,0,0,0
30-09-14,0,0,0,0,0
01-10-14,0,0,0,0,0
02-10-14,0,0,0,0,0
03-10-14,0,0,0,0,0
04-10-14,0,0,0,0,0
05-10-14,0,0,0,0,0
06-10-14,0,0,0,0,0
07-10-14,0,0,0,0,0
08-10-14,0,0,0,0,0
09-10-14,0,0,0,0,0
10-10-14,0,0,0,0,0
11-10-14,0,0,0,0,0
12-10-14,0,0,0,0,0
13-10-14,0,0,0,0,0
14-10-14,0,0,0,0,0
15-10-14,0,0,0,0,0
16-10-14,0,0,0,0,0
17-10-14,0,0,0,0,0
18-10-14,0,0,0,0,0
19-10-14,0,0,0,0,0
20-10-14,0,0,0,0,0
21-10-14,0,0,0,0,0
22-10-14,0,0,0,0,0
23-10-14,0,0,0,0,0
24-10-14,0,0,0,0,0
25-10-14,0,0,0,0,0
26-10-14,0,0,0,0,0
27-10-14,0,0,0,0,0
28-10-14,0,0,0,0,0
29-10-14,0,0,0,0,0
30-10-14,0,0,0,0,0
31-10-14,0,0,0,0,0
01-11-14,0,0,0,0,0
02-11-14,0,0,0,0,0
03-11-14,0,0,0,0,0
04-11-14,0,0,0,0,0
05-11-14,0,0,0,0,0
06-11-14,0,0,0,0,0
07-11-14,0,0,0,0,0
08-11-14,0,0,0,0,0
09-11-14,0,0,0,0,0
10-11-14,0,0,0,0,0
11-11-14,0,0,0,0,0
12-11-14,0,0,0,0,0
13-11-14,0,0,0,0,0
14-11-14,0,0,0,0,0
15-11-14,0,0,0,0,0
16-11-14,0,0,0,0,0
17-11-14,0,0,0,0,0
18-11-14,0,0,0,0,0
19-11-14,0,0,0,0,0
20-11-14,0,0,0,0,0
21-11-14,0,0,0,0,0
22-11-14,0,0,0,0,0
23-11-14,0,0,0,0,0
24-11-14,0,0,0,0,0
25-11-14,0,0,0,0,0
26-11-14,0,0,0,0,0
27-11-14,0,0,0,0,0
28-11-14,0,0,0,0,0
29-11-14,0,0,0,0,0
30-11-14,0,0,0,0,0
01-12-14,0,0,0,0,0
02-12-14,0,0,0,0,0
03-12-14,0,0,0,0,0
04-12-14,0,0,0,0,0
05-12-14,0,0,0,0,0
06-12-14,0,0,0,0,0
07-12-14,0,0,0,0,0
08-12-14,0,0,0,0,0
09-12-14,0.3938,2,0,0,
10-12-14,9.4426,11,0,0,
11-12-14,2.9094,3,0,0,
12-12-14,0,0,0,0,0
13-12-14,0,0,0,0,0
14-12-14,1.0342,1,0,0,
15-12-14,1.5403,1,0,0,
16-12-14,0.6371,1,0,0,
17-12-14,0.2393,1,0,0,
18-12-14,1.1521,1,0,0,
19-12-14,0,0,0,0,0
20-12-14,0,0,0,0,0
21-12-14,0,0,0,0,0
22-12-14,0,0,0,0,0
23-12-14,0,0,0,0,0
24-12-14,0,0,0,0,0
25-12-14,0,0,0,0,0
26-12-14,0,0,0,0,0
27-12-14,0,0,0,0,0
28-12-14,0,0,0,0,0
29-12-14,0,0,0,0,0
30-12-14,0,0,0,0,0
31-12-14,0,0,0,0,0
01-01-15,0,0,0,0,0
02-01-15,0,0,0,0,0
03-01-15,0,0,0,0,0
04-01-15,0,0,0,0,0
05-01-15,1.1521,1,0,0,
06-01-15,0,0,0,0,0
07-01-15,0,0,0,0,0
08-01-15,0,0,0,0,0
09-01-15,0,0,0,0,0
10-01-15,0,0,0,0,0
11-01-15,0,0,0,0,0
12-01-15,0,0,0,0,0
13-01-15,0,0,0,0,0
14-01-15,0,0,0,0,0
15-01-15,0,0,0,0,0
16-01-15,0,0,0,0,0
17-01-15,0,0,0,0,0
18-01-15,0,0,0,0,0
19-01-15,0,0,0,0,0
20-01-15,0,0,0,0,0
21-01-15,0,0,0,0,0
22-01-15,0.5899,2,0,0,
23-01-15,0,0,0,0,0
24-01-15,0,0,0,0,0
25-01-15,0,0,0,0,0
26-01-15,0,0,0,0,0
27-01-15,0,0,0,0,0
28-01-15,0,0,0,0,0
29-01-15,0,0,0,0,0
30-01-15,0,0,0,0,0
31-01-15,0,0,0,0,0
01-02-15,0,0,0,0,0
02-02-15,0.552,1,0,0,
03-02-15,0,0,0,0,0
04-02-15,0,0,0,0,0
05-02-15,0.4526,1,0,0,
06-02-15,0,0,0,0,0
07-02-15,0,0,0,0,0
08-02-15,0,0,0,0,0
09-02-15,0,0,0,0,0
10-02-15,0,0,0,0,0
11-02-15,0,0,0,0,0
12-02-15,0.0056,1,0,0,
13-02-15,1.2411,2,0,0,
14-02-15,0,0,0,0,0
15-02-15,0,0,0,0,0
16-02-15,0,0,0,0,0
17-02-15,0,0,0,0,0
18-02-15,0.4677,2,0,0,
19-02-15,0,0,0,0,0
20-02-15,0,0,0,0,0
21-02-15,0,0,0,0,0
22-02-15,0,0,0,0,0
23-02-15,1.1521,1,0,0,
24-02-15,0,0,0,0,0
25-02-15,0,0,0,0,0
26-02-15,0.9521,1,0,0,
27-02-15,0,0,0,0,0
28-02-15,0,0,0,0,0
01-03-15,0,0,0,0,0
02-03-15,0,0,0,0,0
03-03-15,0,0,0,0,0
04-03-15,0,0,0,0,0
05-03-15,0,0,0,0,0
06-03-15,0,0,0,0,0
07-03-15,0,0,0,0,0
08-03-15,0,0,0,0,0
09-03-15,0.6474,1,0,0,
10-03-15,0,0,0,0,0
11-03-15,0,0,0,0,0
12-03-15,0,0,0,0,0
13-03-15,0,0,0,0,0
14-03-15,0,0,0,0,0
15-03-15,0.902,1,0,0,
16-03-15,0,0,0,0,0
17-03-15,0,0,0,0,0
18-03-15,0,0,0,0,0
19-03-15,0,0,0,0,0
20-03-15,0.348,1,0,0,
21-03-15,0.227,1,0,0,
22-03-15,0,0,0,0,0
23-03-15,0,0,0,0,0
24-03-15,0,0,0,0,0
25-03-15,0,0,0,0,0
26-03-15,0,0,0,0,0
27-03-15,0,0,0,0,0
28-03-15,0.085,1,0,0,
29-03-15,0,0,0,0,0
30-03-15,0,0,0,0,0
31-03-15,0,0,0,0,0
01-04-15,0,0,0,0,0
02-04-15,0,0,0,0,0
03-04-15,0,0,0,0,0
04-04-15,0,0,0,0,0
05-04-15,0,0,0,0,0
06-04-15,0,0,0,0,0
07-04-15,0,0,0,0,0
08-04-15,0,0,0,0,0
09-04-15,0,0,0,0,0
10-04-15,0,0,0,0,0
11-04-15,0,0,0,0,0
12-04-15,0,0,0,0,0
13-04-15,0,0,0,0,0
14-04-15,0,0,0,0,0
15-04-15,0.7417,1,0,0,
16-04-15,1.5403,1,0,0,
17-04-15,0,0,0,0,0
18-04-15,0,0,0,0,0
19-04-15,0,0,0,0,0
20-04-15,0,0,0,0,0
21-04-15,0,0,0,0,0
22-04-15,0,0,0,0,0
23-04-15,0,0,0,0,0
24-04-15,0,0,0,0,0
25-04-15,0,0,0,0,0
26-04-15,0,0,0,0,0
27-04-15,1.2081,2,0,0,
28-04-15,0,0,0,0,0
29-04-15,0,0,0,0,0
30-04-15,0,0,0,0,0
01-05-15,0,0,0,0,0
02-05-15,0,0,0,0,0
03-05-15,0,0,0,0,0
04-05-15,0.3064,1,0,0,
05-05-15,0.5069,1,0,0,
06-05-15,1.1033,1,0,0,
07-05-15,0,0,0,0,0
08-05-15,0,0,0,0,0
09-05-15,0,0,0,0,0
10-05-15,0,0,0,0,0
11-05-15,0,0,0,0,0
12-05-15,0,0,0,0,0
13-05-15,0,0,0,0,0
14-05-15,0,0,0,0,0
15-05-15,0,0,0,0,0
16-05-15,0,0,0,0,0
17-05-15,0,0,0,0,0
18-05-15,0,0,0,0,0
19-05-15,0,0,0,0,0
20-05-15,0,0,0,0,0
21-05-15,0,0,0,0,0
22-05-15,0,0,0,0,0
23-05-15,0,0,0,0,0
24-05-15,0.672,1,0,0,
25-05-15,0,0,0,0,0
26-05-15,0,0,0,0,0
27-05-15,0,0,0,0,0
28-05-15,0.3678,1,0,0,
29-05-15,0,0,0,0,0
30-05-15,0,0,0,0,0
31-05-15,0,0,0,0,0
01-06-15,0,0,0,0,0
02-06-15,0,0,0,0,0
03-06-15,0,0,0,0,0
04-06-15,0,0,0,0,0
05-06-15,0,0,0,0,0
06-06-15,1.0983,2,0,0,
07-06-15,0,0,0,0,0
08-06-15,0,0,0,0,0
09-06-15,0,0,0,0,0
10-06-15,0,0,0,0,0
11-06-15,0,0,0,0,0
12-06-15,0,0,0,0,0
13-06-15,0,0,0,0,0
14-06-15,0,0,0,0,0
15-06-15,0,0,0,0,0
16-06-15,0,0,0,0,0
17-06-15,0,0,0,0,0
18-06-15,0,0,0,0,0
19-06-15,0,0,0,0,0
20-06-15,0,0,0,0,0
21-06-15,0,0,0,0,0
22-06-15,1.6652,1,0,0,
23-06-15,0,0,0,0,0
24-06-15,0,0,0,0,0
25-06-15,0,0,0,0,0
26-06-15,1.4927,1,0,0,
27-06-15,0,0,0,0,0
28-06-15,0.498,1,0,0,
29-06-15,0.4236,1,0,0,
30-06-15,0,0,0,0,0
01-07-15,0,0,0,0,0
02-07-15,0,0,0,0,0
03-07-15,0,0,0,0,0
04-07-15,0,0,0,0,0
05-07-15,0,0,0,0,0
06-07-15,0,0,0,0,0
07-07-15,1.1901,2,0,0,
08-07-15,0,0,0,0,0
09-07-15,0,0,0,0,0
10-07-15,0,0,0,0,0
11-07-15,0,0,0,0,0
12-07-15,0,0,0,0,0
13-07-15,0,0,0,0,0
14-07-15,0,0,0,0,0
15-07-15,0,0,0,0,0
16-07-15,0,0,0,0,0
17-07-15,0,0,0,0,0
18-07-15,0,0,0,0,0
19-07-15,0.3097,1,0,0,
20-07-15,0,0,0,0,0
21-07-15,0,0,0,0,0
22-07-15,0,0,0,0,0
23-07-15,0,0,0,0,0
24-07-15,0,0,0,0,0
25-07-15,0,0,0,0,0
26-07-15,0,0,0,0,0
27-07-15,0.2476,1,0,0,
28-07-15,0,0,0,0,0
29-07-15,0,0,0,0,0
30-07-15,0,0,0,0,0
31-07-15,0,0,0,0,0
01-08-15,0,0,0,0,0
02-08-15,0,0,0,0,0
03-08-15,0,0,0,0,0
04-08-15,0,0,0,0,0
05-08-15,0,0,0,0,0
06-08-15,0.4595,1,0,0,
07-08-15,0,0,0,0,0
08-08-15,0,0,0,0,0
09-08-15,0,0,0,0,0
10-08-15,0,0,0,0,0
11-08-15,0,0,0,0,0
12-08-15,0,0,0,0,0
13-08-15,0,0,0,0,0
14-08-15,0,0,0,0,0
15-08-15,0,0,0,0,0
16-08-15,0,0,0,0,0
17-08-15,0,0,0,0,0
18-08-15,0,0,0,0,0
19-08-15,0,0,0,0,0
20-08-15,0,0,0,0,0
21-08-15,0.6213,1,0,0,
22-08-15,0,0,0,0,0
23-08-15,0,0,0,0,0
24-08-15,1.2341,2,0,0,
25-08-15,0,0,0,0,0
26-08-15,0,0,0,0,0
27-08-15,0,0,0,0,0
28-08-15,0,0,0,0,0
29-08-15,0,0,0,0,0
30-08-15,0,0,0,0,0
31-08-15,0,0,0,0,0
01-09-15,0,0,0,0,0
02-09-15,0,0,0,0,0
03-09-15,0.6315,1,0,0,
04-09-15,0,0,0,0,0
05-09-15,0,0,0,0,0
06-09-15,0,0,0,0,0
07-09-15,0,0,0,0,0
08-09-15,0,0,0,0,0
09-09-15,0,0,0,0,0
10-09-15,0,0,0,0,0
11-09-15,0,0,0,0,0
12-09-15,0,0,0,0,0
13-09-15,0,0,0,0,0
14-09-15,0.2404,1,0,0,
15-09-15,0,0,0,0,0
16-09-15,0,0,0,0,0
17-09-15,0,0,0,0,0
18-09-15,0,0,0,0,0
19-09-15,0,0,0,0,0
20-09-15,0,0,0,0,0
21-09-15,0,0,0,0,0
22-09-15,0,0,0,0,0
23-09-15,0,0,0,0,0
24-09-15,0.7927,1,0,0,
25-09-15,0,0,0,0,0
26-09-15,0,0,0,0,0
27-09-15,0,0,0,0,0
28-09-15,0,0,0,0,0
29-09-15,0,0,0,0,0
30-09-15,0,0,0,0,0
01-10-15,0,0,0,0,0
02-10-15,0,0,0,0,0
03-10-15,0,0,0,0,0
04-10-15,0,0,0,0,0
05-10-15,0,0,0,0,0
06-10-15,0,0,0,0,0
07-10-15,0,0,0,0,0
08-10-15,0,0,0,0,0
09-10-15,0,0,0,0,0
10-10-15,0.0887,1,0,0,
11-10-15,0,0,0,0,0
12-10-15,0,0,0,0,0
13-10-15,0,0,0,0,0
14-10-15,0,0,0,0,0
15-10-15,0,0,0,0,0
16-10-15,0,0,0,0,0
17-10-15,0,0,0,0,0
18-10-15,1.024,1,0,0,
19-10-15,0,0,0,0,0
20-10-15,0,0,0,0,0
21-10-15,0.8214,1,0,0,
22-10-15,0,0,0,0,0
23-10-15,0,0,0,0,0
24-10-15,0,0,0,0,0
25-10-15,0,0,0,0,0
26-10-15,0,0,0,0,0
27-10-15,0,0,0,0,0
28-10-15,0,0,0,0,0
29-10-15,0,0,0,0,0
30-10-15,0,0,0,0,0
31-10-15,0,0,0,0,0
01-11-15,0,0,0,0,0
02-11-15,0,0,0,0,0
03-11-15,0,0,0,0,0
04-11-15,0,0,0,0,0
05-11-15,0,0,0,0,0
06-11-15,0,0,0,0,0
07-11-15,0,0,0,0,0
08-11-15,0,0,0,0,0
09-11-15,0,0,0,0,0
10-11-15,0,0,0,0,0
11-11-15,0,0,0,0,0
12-11-15,0,0,0,0,0
13-11-15,0,0,0,0,0
14-11-15,0,0,0,0,0
15-11-15,0,0,0,0,0
16-11-15,0.4799,1,0,0,
17-11-15,0,0,0,0,0
18-11-15,0,0,0,0,0
19-11-15,0.635,1,0,0,
20-11-15,0,0,0,0,0
21-11-15,0,0,0,0,0
22-11-15,0,0,0,0,0
23-11-15,0,0,0,0,0
24-11-15,0,0,0,0,0
25-11-15,1.1033,1,0,0,
26-11-15,0.4693,1,0,0,
27-11-15,0,0,0,0,0
28-11-15,0,0,0,0,0
29-11-15,0.2655,1,0,0,
30-11-15,0,0,0,0,0
01-12-15,0,0,0,0,0
02-12-15,0,0,0,0,0
03-12-15,0,0,0,0,0
04-12-15,0,0,0,0,0
05-12-15,0,0,0,0,0
06-12-15,0,0,0,0,0
07-12-15,10.4314,7,0,0,
08-12-15,7.7766,3,0,0,
09-12-15,3.3269,2,0,0,
10-12-15,0.7924,1,0,0,
11-12-15,0,0,0,0,0
12-12-15,0.2505,1,0,0,
13-12-15,0,0,0,0,0
14-12-15,0.868,2,0,0,
15-12-15,2.7593,4,0,0,
16-12-15,14.0933,5,0,0,
17-12-15,0,0,0,0,0
18-12-15,1.146,1,0,0,
19-12-15,0,0,0,0,0
20-12-15,0,0,0,0,0
21-12-15,0.4348,1,0,0,
22-12-15,4.1699,2,0,0,
23-12-15,0,0,0,0,0
24-12-15,0,0,0,0,0
25-12-15,0,0,0,0,0
26-12-15,0,0,0,0,0
27-12-15,5.6693,1,0,0,
28-12-15,1.4023,4,0,0,
29-12-15,0.8798,1,0,0,
30-12-15,1.2177,2,0,0,
31-12-15,0,0,0,0,0
01-01-16,0,0,0,0,0
02-01-16,1.0242,1,0,0,
03-01-16,0,0,0,0,0
04-01-16,0.3107,1,0,0,
05-01-16,3.1655,3,0,0,
06-01-16,1.0058,1,0,0,
07-01-16,0,0,0,0,0
08-01-16,0.3442,1,0,0,
09-01-16,0,0,0,0,0
10-01-16,1.2843,1,0,0,
11-01-16,0.6975,1,0,0,
12-01-16,3.8866,4,0,0,
13-01-16,10.9325,4,0,0,
14-01-16,1.8048,2,0,0,
15-01-16,0,0,0,0,0
16-01-16,0.3225,1,0,0,
17-01-16,3.4162,2,0,0,
18-01-16,1.1462,1,0,0,
19-01-16,1.8177,1,0,0,
20-01-16,0.076,1,0,0,
21-01-16,18.8112,10,0,0,
22-01-16,0.946,2,0,0,
23-01-16,0,0,0,0,0
24-01-16,1.176,1,0,0,
25-01-16,3.7121,2,0,0,
26-01-16,5.5413,2,0,0,
27-01-16,15.7652,13,0,0,
28-01-16,10.2948,9,0,0,
29-01-16,9.3115,3,0,0,
30-01-16,23.7382,7,0,0,
31-01-16,6.3184,8,0,0,
01-02-16,12.0513,12,0,0,
02-02-16,8.6385,10,0,0,
03-02-16,36.9373,18,0,0,
04-02-16,9.764,13,0,0,
05-02-16,41.8305,13,0,0,
06-02-16,10.6803,8,0,0,
07-02-16,0.0031,1,0,0,
08-02-16,12.0209,8,0,0,
09-02-16,6.2725,6,0,0,
10-02-16,12.1651,7,0,0,
11-02-16,15.5606,12,0,0,
12-02-16,39.7936,10,0,0,
13-02-16,4.1563,2,0,0,
14-02-16,5.6321,6,0,0,
15-02-16,32.2432,16,0,0,
16-02-16,52.1002,27,0,0,
17-02-16,17.2537,10,0,0,
18-02-16,12.3243,11,1,0,
19-02-16,29.1591,21,0,0,
20-02-16,20.4792,11,0,0,
21-02-16,9.9671,3,0,0,
22-02-16,62.5419,28,1,0,
23-02-16,45.2211,36,0,0,
24-02-16,60.9907,20,0,0,
25-02-16,51.0629,10,1,0,
26-02-16,47.5594,15,0,0,
27-02-16,1.2637,3,0,0,
28-02-16,16.5638,10,0,0,
29-02-16,13.7925,6,0,0,
01-03-16,16.8847,7,0,0,
02-03-16,15.1787,12,0,0,
03-03-16,10.7795,9,0,0,
04-03-16,51.7687,19,0,0,
05-03-16,8.4491,5,0,0,
06-03-16,42.2199,17,0,0,
07-03-16,57.8002,22,0,0,
08-03-16,45.2053,18,0,0,
09-03-16,16.134,11,0,0,
10-03-16,25.7144,15,0,0,
11-03-16,22.6934,15,0,0,
12-03-16,21.6441,7,0,0,
13-03-16,0.3021,2,0,0,
14-03-16,6.6318,7,0,0,
15-03-16,60.7459,21,2,0,
16-03-16,70.0205,33,1,0,
17-03-16,49.6547,26,0,0,
18-03-16,41.5263,20,0,0,
19-03-16,53.3672,21,1,0,
20-03-16,28.936,10,0,0,
21-03-16,100.2499,37,1,0,
22-03-16,35.5839,17,0,0,
23-03-16,106.7108,27,0,0,
24-03-16,34.502,20,0,0,
25-03-16,4.4985,8,1,0,
26-03-16,22.9562,10,1,0,
27-03-16,24.2108,9,0,0,
28-03-16,34.138,14,0,0,
29-03-16,62.364,18,0,0,
30-03-16,61.5333,25,0,0,
31-03-16,47.8867,16,0,0,
01-04-16,72.9599,27,0,0,
02-04-16,34.1202,21,0,0,
03-04-16,84.8777,10,0,0,
04-04-16,63.3036,37,0,0,
05-04-16,57.673,29,0,0,
06-04-16,88.0857,32,0,0,
07-04-16,100.9673,28,0,0,
08-04-16,141.295,30,0,0,
09-04-16,46.2114,20,0,0,
10-04-16,40.9682,12,0,0,
11-04-16,76.0341,26,0,0,
12-04-16,74.7307,27,0,0,
13-04-16,62.554,19,0,0,
14-04-16,39.9861,18,0,0,
15-04-16,54.7159,23,0,0,
16-04-16,145.5042,30,0,0,
17-04-16,52.7727,15,0,0,
18-04-16,33.0088,18,0,0,
19-04-16,103.8382,22,0,0,
20-04-16,46.1722,35,0,0,
21-04-16,97.9217,40,1,0,
22-04-16,104.5389,43,2,0,
23-04-16,31.0915,12,0,0,
24-04-16,35.0724,15,0,0,
25-04-16,49.6414,24,0,0,
26-04-16,83.3113,37,0,0,
27-04-16,83.9818,51,0,0,
28-04-16,69.5785,29,0,0,
29-04-16,132.5286,32,0,0,
30-04-16,35.6745,17,0,0,
01-05-16,99.8519,29,0,0,
02-05-16,153.8757,51,0,0,
03-05-16,175.2944,58,0,0,
04-05-16,93.7676,43,1,0,
05-05-16,167.6298,65,0,0,
06-05-16,117.6377,43,1,0,
07-05-16,25.4404,22,0,0,
08-05-16,29.277,14,0,0,
09-05-16,83.1707,48,0,0,
10-05-16,170.3338,54,0,0,
11-05-16,81.4979,43,1,0,
12-05-16,132.121,57,0,0,
13-05-16,101.6349,43,1,0,
14-05-16,76.3102,29,2,0,
15-05-16,195.9981,63,0,0,
16-05-16,131.9172,60,0,0,
17-05-16,177.251,44,0,0,
18-05-16,182.4069,81,1,0,
19-05-16,100.3097,56,0,0,
20-05-16,79.9631,41,0,0,
21-05-16,19.5529,11,0,0,
22-05-16,16.9159,12,0,0,
23-05-16,156.3943,73,0,0,
24-05-16,181.5214,48,0,0,
25-05-16,189.9206,64,0,0,
26-05-16,357.4693,86,0,0,
27-05-16,108.6691,58,0,0,
28-05-16,50.346,12,2,0,
29-05-16,63.2453,22,0,0,
30-05-16,113.0503,62,0,0,
31-05-16,124.1396,45,0,0,
01-06-16,86.5574,34,1,0,
02-06-16,163.6711,48,2,0,
03-06-16,106.0876,46,0,0,
04-06-16,28.3171,15,0,0,
05-06-16,94.8756,24,1,0,
06-06-16,150.8143,53,0,0,
07-06-16,80.516,39,0,0,
08-06-16,184.3771,66,1,0,
09-06-16,83.7006,35,0,0,
10-06-16,66.3021,38,0,0,
11-06-16,42.4339,19,0,0,
12-06-16,36.9127,11,0,0,
13-06-16,152.5225,58,0,0,
14-06-16,155.5894,56,2,0,
15-06-16,123.6344,62,0,0,
16-06-16,121.4692,68,0,0,
17-06-16,90.7761,40,0,0,
18-06-16,50.4286,25,0,0,
19-06-16,71.253,33,0,0,
20-06-16,131.016,50,1,0,
21-06-16,176.3795,53,0,0,
22-06-16,126.9717,43,1,0,
23-06-16,123.6447,53,1,0,
24-06-16,86.9187,38,0,0,
25-06-16,128.8613,30,0,0,
26-06-16,66.3574,29,0,0,
27-06-16,86.6207,42,2,0,
28-06-16,163.745,72,2,0,
29-06-16,161.9087,64,1,0,
30-06-16,175.2827,51,0,0,
01-07-16,109.8622,34,0,0,
02-07-16,47.8911,19,2,0,
03-07-16,30.6999,11,0,0,
04-07-16,114.819,42,1,0,
05-07-16,135.2649,51,1,0,
06-07-16,164.8715,89,0,0,
07-07-16,125.5869,63,0,0,
08-07-16,150.8961,37,1,0,
09-07-16,71.4496,32,1,0,
10-07-16,120.4916,51,1,0,
11-07-16,252.6611,114,1,0,
12-07-16,178.1445,82,0,0,
13-07-16,196.2805,100,0,0,
14-07-16,135.8247,38,1,0,
15-07-16,53.8488,26,0,0,
16-07-16,68.4297,19,1,0,
17-07-16,108.2077,33,1,0,
18-07-16,158.8306,73,1,0,
19-07-16,168.4241,56,1,0,
20-07-16,103.8016,38,0,0,
21-07-16,127.5711,47,1,0,
22-07-16,141.715,65,0,0,
23-07-16,57.3099,14,0,0,
24-07-16,126.423,40,1,0,
25-07-16,179.3296,58,0,0,
26-07-16,138.9545,68,2,0,
27-07-16,187.374,52,1,0,
28-07-16,246.0327,87,0,0,
29-07-16,194.5979,49,1,0,
30-07-16,62.5842,21,0,0,
31-07-16,88.6081,33,0,0,
01-08-16,128.276,48,0,0,
02-08-16,167.7056,62,0,0,
03-08-16,140.0553,64,0,0,
04-08-16,170.9875,49,0,0,
05-08-16,199.975,79,0,0,
06-08-16,77.3159,34,0,0,
07-08-16,96.8207,32,0,0,
08-08-16,195.6666,83,1,0,
09-08-16,154.1946,69,1,0,
10-08-16,166.6906,56,0,0,
11-08-16,208.76,79,1,0,
12-08-16,92.91,40,0,0,
13-08-16,81.8766,26,2,0,
14-08-16,95.2368,29,1,0,
15-08-16,203.2015,75,0,0,
16-08-16,142.1231,55,0,0,
17-08-16,338.8428,101,0,0,
18-08-16,265.2865,92,0,0,
19-08-16,583.6305,152,4,0,
20-08-16,211.4758,73,2,0,
21-08-16,112.3201,45,0,0,
22-08-16,253.3722,75,0,0,
23-08-16,222.8147,98,1,0,
24-08-16,370.6451,94,2,0,
25-08-16,322.4802,114,2,0,
26-08-16,319.3286,106,0,0,
27-08-16,185.8685,51,2,0,
28-08-16,129.8272,48,0,0,
29-08-16,239.4174,102,2,0,
30-08-16,441.0829,156,0,0,
31-08-16,250.8515,90,0,0,
01-09-16,330.3148,109,4,0,
02-09-16,417.3847,155,2,0,
03-09-16,225.6911,57,1,0,
04-09-16,250.1256,91,2,0,
05-09-16,441.972,129,3,0,
06-09-16,319.2446,114,2,0,
07-09-16,425.3206,134,1,0,
08-09-16,685.6504,218,10,0,
09-09-16,746.2774,180,6,0,
10-09-16,268.3744,83,1,0,
11-09-16,363.0709,118,2,0,
12-09-16,420.4825,159,3,0,
13-09-16,634.163,208,3,0,
14-09-16,833.0452,257,5,0,
15-09-16,550.1838,173,5,0,
16-09-16,803.3949,209,5,0,
17-09-16,634.5282,126,6,0,
18-09-16,412.6565,149,3,0,
19-09-16,1271.8098,302,2,0,
20-09-16,1088.8326,266,1,0,
21-09-16,1704.429,382,9,0,
22-09-16,1215.8212,271,4,0,
23-09-16,1897.218,342,2,0,
24-09-16,802.8461,181,4,0,
25-09-16,848.8133,179,3,0,
26-09-16,1596.4143,319,6,0,
27-09-16,1834.2297,367,6,0,
28-09-16,1678.4077,405,7,0,
29-09-16,1255.1043,267,3,0,
30-09-16,1527.7166,340,2,0,
01-10-16,1025.2358,197,1,0,
02-10-16,741.6777,180,5,0,
03-10-16,1728.056,390,3,0,
04-10-16,2113.3538,464,10,0,
05-10-16,2235.8868,517,14,0,
06-10-16,1977.7558,414,8,0,
07-10-16,2533.1195,677,10,0,
08-10-16,1374.988,335,7,0,
09-10-16,1134.5966,300,9,0,
10-10-16,2216.63,444,9,0,
11-10-16,2346.201,633,12,0,
12-10-16,2653.6965,540,4,0,
13-10-16,2436.1594,490,7,0,
14-10-16,2239.7926,416,10,0,
15-10-16,1681.4287,381,8,0,
16-10-16,1452.1875,338,12,0,
17-10-16,2999.4894,623,9,0,
18-10-16,2702.8209,505,7,0,
19-10-16,3857.8447,638,11,0,
20-10-16,2576.0264,614,10,0,
21-10-16,3407.7735,666,6,0,
22-10-16,1769.8962,349,6,0,
23-10-16,2454.8963,405,10,0,
24-10-16,3494.2587,680,7,0,
25-10-16,2587.6797,572,13,0,
26-10-16,3793.2324,712,8,0,
27-10-16,2617.1941,637,10,0,
28-10-16,3418.0241,606,8,0,
29-10-16,1993.6316,493,8,0,
30-10-16,1478.63,357,7,0,
31-10-16,3401.3309,730,11,0,
01-11-16,2806.1839,614,10,0,
02-11-16,3175.4142,720,10,0,
03-11-16,3420.6951,680,11,0,
04-11-16,3297.7038,721,12,0,
05-11-16,2642.3376,608,2,0,
06-11-16,2079.4382,487,16,0,
07-11-16,3045.27,596,10,0,
08-11-16,3587.9829,680,13,0,
09-11-16,3043.4574,703,8,0,
10-11-16,3468.2963,738,10,0,
11-11-16,3254.6613,818,9,0,
12-11-16,2329.2521,499,4,0,
13-11-16,2361.6439,614,6,0,
14-11-16,3750.426,793,6,0,
15-11-16,4333.6161,952,13,0,
16-11-16,4194.1979,1033,9,0,
17-11-16,4367.5539,957,10,0,
18-11-16,4281.6613,850,14,0,
19-11-16,2588.4774,613,6,0,
20-11-16,2977.5367,678,9,0,
21-11-16,3699.6944,906,9,0,
22-11-16,4668.0084,981,7,0,
23-11-16,4663.0922,990,6,0,
24-11-16,4390.0083,932,7,0,
25-11-16,4183.5071,901,4,0,
26-11-16,2250.8455,572,8,0,
27-11-16,3046.9272,699,15,0,
28-11-16,4570.4345,985,7,0,
29-11-16,4586.6647,881,10,0,
30-11-16,5480.222,1005,10,0,
01-12-16,3719.8484,789,8,0,
02-12-16,4326.5483,919,14,0,
03-12-16,1992.5639,507,11,0,
04-12-16,2436.3759,548,7,0,
05-12-16,3592.331,806,9,0,
06-12-16,4880.6135,996,8,0,
07-12-16,4624.5503,908,8,0,
08-12-16,4085.4692,859,9,0,
09-12-16,4077.0938,851,14,0,
10-12-16,2961.1116,661,3,0,
11-12-16,2523.7182,623,10,0,
12-12-16,4737.9901,1043,16,0,
13-12-16,5545.061,1085,13,0,
14-12-16,5383.6546,1187,10,0,
15-12-16,5214.7908,1030,12,0,
16-12-16,4630.5447,977,10,0,
17-12-16,3643.7029,857,12,0,
18-12-16,3232.6467,835,11,0,
19-12-16,5773.6547,1192,8,0,
20-12-16,4556.0796,1038,9,0,
21-12-16,4435.694,998,12,0,
22-12-16,3988.7722,916,9,0,
23-12-16,2904.0389,583,7,0,
24-12-16,2069.8706,470,9,0,
25-12-16,1885.9383,444,2,0,
26-12-16,2435.4165,507,4,0,
27-12-16,3227.0566,702,10,0,
28-12-16,4051.887,879,12,0,
29-12-16,3279.2066,807,8,0,
30-12-16,2960.7425,824,5,0,
31-12-16,1191.1162,319,5,0,
01-01-17,1784.8807,454,6,0,
02-01-17,3724.7688,788,9,0,
03-01-17,3229.5907,742,12,0,
04-01-17,4120.6713,924,9,0,
05-01-17,4351.1041,922,15,0,
06-01-17,4434.7639,911,7,0,
07-01-17,2169.4094,529,11,0,
08-01-17,3050.8246,616,7,0,
09-01-17,4316.6141,970,12,0,
10-01-17,4561.4732,964,16,0,
11-01-17,4584.788,1034,7,0,
12-01-17,4641.5903,959,9,0,
13-01-17,4509.5633,1121,14,0,
14-01-17,2771.4653,718,11,0,
15-01-17,3002.2272,701,11,0,
16-01-17,5606.723,1204,14,0,
17-01-17,4755.5065,1097,12,0,
18-01-17,4996.5833,1165,12,0,
19-01-17,5851.6889,1330,10,0,
20-01-17,3903.8267,900,6,0,
21-01-17,3185.8351,725,8,0,
22-01-17,3292.5824,810,14,0,
23-01-17,4456.1167,1032,9,0,
24-01-17,4319.1172,1065,12,0,
25-01-17,4640.2126,1017,10,0,
26-01-17,4723.954,1187,14,0,
27-01-17,4367.8648,1089,10,0,
28-01-17,2937.8815,786,5,0,
29-01-17,2784.9854,692,5,0,
30-01-17,5018.2737,1323,12,0,
31-01-17,5197.1031,1297,15,0,
01-02-17,5249.4771,1353,15,0,
02-02-17,5038.8229,1288,18,0,
03-02-17,5460.9498,1345,10,0,
04-02-17,3955.3968,959,19,0,
05-02-17,3812.3288,914,5,0,
06-02-17,5887.7707,1510,12,0,
07-02-17,5543.0136,1314,13,0,
08-02-17,7189.8647,1600,19,0,
09-02-17,5485.6226,1277,16,0,
10-02-17,6429.5164,1399,20,0,
11-02-17,4470.1316,1191,12,0,
12-02-17,4853.7927,1023,18,0,
13-02-17,7910.2331,1798,23,0,
14-02-17,6019.4093,1317,12,0,
15-02-17,6046.1329,1454,13,0,
16-02-17,5959.434,1434,17,0,
17-02-17,5653.9034,1506,19,0,
18-02-17,4522.3883,1129,17,0,
19-02-17,4107.5758,968,11,0,
20-02-17,6462.9638,1542,16,0,
21-02-17,7077.2351,1681,16,0,
22-02-17,5682.5622,1385,12,0,
23-02-17,6404.0963,1412,21,0,
24-02-17,6982.7786,1520,21,0,
25-02-17,4278.795,1047,16,0,
26-02-17,4526.3862,1046,13,0,
27-02-17,8254.3652,2011,26,0,
28-02-17,6696.3138,1565,20,0,
01-03-17,5294.1667,1416,9,0,
02-03-17,5322.9792,1287,19,0,
03-03-17,6221.5418,1525,14,0,
04-03-17,4039.924,926,16,0,
05-03-17,4785.6521,1057,9,0,
06-03-17,6396.3516,1500,13,0,
07-03-17,6070.2921,1519,23,0,
08-03-17,7041.7299,1723,12,0,
09-03-17,6605.8578,1590,14,0,
10-03-17,5682.6093,1483,12,0,
11-03-17,4407.0248,1063,8,0,
12-03-17,3918.0819,905,6,0,
13-03-17,5739.9622,1627,16,0,
14-03-17,5425.9356,1433,13,0,
15-03-17,5800.536,1692,17,0,
16-03-17,5084.3363,1452,14,0,
17-03-17,5434.552,1311,12,0,
18-03-17,3912.2925,1056,10,0,
19-03-17,3995.6266,1045,13,0,
20-03-17,8723.4516,1775,22,0,
21-03-17,6489.2183,1474,14,0,
22-03-17,7801.3044,1894,21,0,
23-03-17,5980.1798,1542,19,0,
24-03-17,6429.129,1533,14,0,
25-03-17,3317.4091,879,12,0,
26-03-17,4225.5415,1004,7,0,
27-03-17,6483.3344,1577,13,0,
28-03-17,6065.9453,1492,20,0,
29-03-17,6797.1024,1613,13,0,
30-03-17,6203.6652,1554,12,0,
31-03-17,5269.5533,1300,16,0,
01-04-17,3454.1766,917,11,0,
02-04-17,3773.2958,911,8,0,
03-04-17,5957.9744,1652,17,0,
04-04-17,6097.2314,1460,13,0,
05-04-17,6625.9022,1512,8,0,
06-04-17,6539.6203,1715,14,0,
07-04-17,7060.6123,1609,15,0,
08-04-17,3893.4754,874,12,0,
09-04-17,3990.275,894,10,0,
10-04-17,5945.4573,1493,18,0,
11-04-17,6141.209,1507,12,0,
12-04-17,6139.0347,1568,12,0,
13-04-17,5106.518,1265,14,0,
14-04-17,3503.0948,1068,10,0,
15-04-17,2506.6984,665,12,0,
16-04-17,3003.6194,748,9,0,
17-04-17,4452.9635,1105,13,0,
18-04-17,5302.6319,1216,20,0,
19-04-17,7697.0346,1990,21,0,
20-04-17,7679.4836,1849,22,0,
21-04-17,6790.329,1744,17,0,
22-04-17,3917.4541,1054,14,0,
23-04-17,4485.0608,1207,10,0,
24-04-17,7375.9656,1813,15,0,
25-04-17,6721.1277,1798,23,0,
26-04-17,7539.9795,2013,26,0,
27-04-17,6308.2582,1672,12,0,
28-04-17,6076.1004,1597,10,0,
29-04-17,3966.6735,1063,15,0,
30-04-17,4048.1799,1046,6,0,
01-05-17,5975.99,1558,8,0,
02-05-17,5570.9527,1438,11,0,
03-05-17,6630.2077,1789,18,0,
04-05-17,6830.4099,1553,20,0,
05-05-17,6587.5803,1588,12,0,
06-05-17,3401.9134,902,14,0,
07-05-17,4068.723,1158,17,0,
08-05-17,6291.5941,1651,19,0,
09-05-17,6474.1756,1692,20,0,
10-05-17,7273.2603,2116,13,0,
11-05-17,6265.5571,1947,11,0,
12-05-17,7193.3048,1960,30,0,
13-05-17,4837.9323,1236,12,0,
14-05-17,4498.0055,1280,20,0,
15-05-17,7756.0143,2013,12,0,
16-05-17,7149.3759,1727,20,0,
17-05-17,11278.0231,2321,22,0,
18-05-17,8461.8378,2152,27,0,
19-05-17,8443.3448,2081,25,0,
20-05-17,4560.1737,1117,11,0,
21-05-17,4943.0177,1240,15,0,
22-05-17,8610.7766,2301,19,0,
23-05-17,7673.6621,1943,23,0,
24-05-17,8513.2577,2054,23,0,
25-05-17,6550.2627,1629,18,0,
26-05-17,7655.208,1750,23,0,
27-05-17,4584.2542,1073,21,0,
28-05-17,4203.2485,1020,11,0,
29-05-17,6206.351,1690,19,0,
30-05-17,7584.897,2032,13,0,
31-05-17,8911.7619,2226,14,0,
01-06-17,6859.0289,1776,25,0,
02-06-17,7782.1757,1760,26,0,
03-06-17,4568.4332,1094,11,0,
04-06-17,4293.987,1108,8,0,
05-06-17,7335.8482,1874,26,0,
06-06-17,6724.5728,1753,11,0,
07-06-17,7156.5786,1785,14,0,
08-06-17,7425.9197,1879,22,0,
09-06-17,7934.3059,1846,7,0,
10-06-17,7410.8013,1681,35,0,
11-06-17,6181.5432,1595,17,0,
12-06-17,9029.1112,2301,17,0,
13-06-17,6595.7015,1839,14,0,
14-06-17,8053.7873,2022,21,0,
15-06-17,7175.5102,1837,20,0,
16-06-17,7098.1134,1755,18,0,
17-06-17,5767.2713,1488,6,0,
18-06-17,5526.7921,1377,14,0,
19-06-17,7541.7113,2098,26,0,
20-06-17,6826.497,1882,14,0,
21-06-17,8150.7674,2105,17,0,
22-06-17,6576.9384,1768,19,0,
23-06-17,6287.213,1970,19,0,
24-06-17,4179.8387,1093,13,0,
25-06-17,4095.3683,1037,12,0,
26-06-17,7218.052,1923,8,0,
27-06-17,6067.0587,1705,8,0,
28-06-17,7039.3513,1844,13,0,
29-06-17,5290.7526,1497,19,0,
30-06-17,6770.5611,1657,18,0,
01-07-17,6391.4279,1527,26,0,
02-07-17,4268.9303,1094,20,0,
03-07-17,7624.6939,1842,23,0,
04-07-17,5437.3277,1524,11,0,
05-07-17,7448.6262,2012,24,0,
06-07-17,7289.8439,1922,22,0,
07-07-17,7860.9698,1943,18,0,
08-07-17,3876.4448,969,12,0,
09-07-17,5201.5498,1232,10,0,
10-07-17,7508.3854,2069,18,0,
11-07-17,6624.0192,1896,20,0,
12-07-17,7516.5158,2048,9,0,
13-07-17,6848.1714,1781,16,0,
14-07-17,7275.412,1735,12,0,
15-07-17,4694.2556,1065,7,0,
16-07-17,4031.468,1079,12,0,
17-07-17,7200.1343,2081,12,0,
18-07-17,7764.3944,2086,23,0,
19-07-17,7786.3595,2131,15,0,
20-07-17,6975.7225,1870,16,0,
21-07-17,5652.2333,1465,10,0,
22-07-17,3316.6677,958,20,0,
23-07-17,4437.8438,1256,13,0,
24-07-17,7580.9054,2183,18,0,
25-07-17,6898.0327,1862,18,0,
26-07-17,6704.4128,2014,23,0,
27-07-17,7496.46,1938,18,0,
28-07-17,6126.3685,1610,14,0,
29-07-17,3424.2709,930,8,0,
30-07-17,4002.5571,1083,10,0,
31-07-17,6727.6344,1758,16,0,
01-08-17,6834.9736,1806,11,0,
02-08-17,7022.3337,1659,9,0,
03-08-17,6793.1367,1661,11,0,
04-08-17,5402.2428,1483,14,0,
05-08-17,3402.2547,948,14,0,
06-08-17,3919.4945,968,9,0,
07-08-17,6079.504,1603,13,0,
08-08-17,6587.6093,1850,15,0,
09-08-17,6334.2457,1683,15,0,
10-08-17,5923.8631,1729,20,0,
11-08-17,5197.4491,1408,12,0,
12-08-17,3583.6599,919,11,0,
13-08-17,3600.658,1034,11,0,
14-08-17,6306.6181,1769,11,0,
15-08-17,7156.7119,1855,9,0,
16-08-17,9576.45,2213,14,0,
17-08-17,7126.2348,1868,17,0,
18-08-17,7980.777,1957,15,0,
19-08-17,4974.8598,1240,10,0,
20-08-17,4744.3032,1196,12,0,
21-08-17,7608.054,1924,19,0,
22-08-17,7418.7743,1952,21,0,
23-08-17,7397.3641,1992,17,0,
24-08-17,6931.5223,1838,17,0,
25-08-17,6883.8473,1812,25,0,
26-08-17,4295.5043,1087,12,0,
27-08-17,4147.1615,1136,3,0,
28-08-17,8015.349,1905,14,0,
29-08-17,8180.7915,1991,30,0,
30-08-17,7792.2701,2055,17,0,
31-08-17,6434.5675,1689,15,0,
01-09-17,6653.4193,1897,15,0,
02-09-17,4386.0364,1089,12,0,
03-09-17,3918.8494,964,16,0,
04-09-17,7190.1309,1813,19,0,
05-09-17,6202.9359,1691,11,0,
06-09-17,7517.8457,2118,19,0,
07-09-17,7179.2061,1935,11,0,
08-09-17,8056.6484,2207,19,0,
09-09-17,4011.5328,1107,7,0,
10-09-17,4705.9408,1268,22,0,
11-09-17,7260.9171,2002,16,0,
12-09-17,7135.9766,1962,13,0,
13-09-17,9478.5871,2377,14,0,
14-09-17,8512.3614,2220,22,0,
15-09-17,7103.566,1913,12,0,
16-09-17,4013.15,1119,8,0,
17-09-17,4662.3707,1259,12,0,
18-09-17,8172.3251,2281,20,0,
19-09-17,8171.2161,2144,24,0,
20-09-17,8528.0934,2165,27,0,
21-09-17,8769.1511,2208,16,0,
22-09-17,8646.9408,2155,15,0,
23-09-17,4904.0378,1213,12,0,
24-09-17,4665.9684,1172,14,0,
25-09-17,7636.2509,1798,13,0,
26-09-17,8779.1104,2249,20,0,
27-09-17,7334.782,2010,21,0,
28-09-17,7711.1848,1994,19,0,
29-09-17,7789.8912,1981,23,0,
30-09-17,4353.0128,1217,8,0,
01-10-17,4536.9535,1266,11,0,
02-10-17,8840.9386,2311,23,0,
03-10-17,7700.8989,2131,18,0,
04-10-17,9584.9447,2319,23,0,
05-10-17,7914.3463,2033,19,0,
06-10-17,9153.0091,2130,19,0,
07-10-17,5251.6009,1295,3,0,
08-10-17,5066.4311,1307,17,0,
09-10-17,7898.7932,1985,14,0,
10-10-17,6862.404,1912,12,0,
11-10-17,8980.387,2382,15,0,
12-10-17,7864.5656,2060,16,0,
13-10-17,8537.7923,2180,13,0,
14-10-17,5745.4414,1328,13,0,
15-10-17,5142.097,1256,19,0,
16-10-17,8616.2659,2344,26,0,
17-10-17,6763.6732,2054,20,0,
18-10-17,8073.5974,2222,20,0,
19-10-17,7540.9236,1995,20,0,
20-10-17,9500.1449,2260,24,0,
21-10-17,5007.8635,1187,12,0,
22-10-17,5539.6313,1406,8,0,
23-10-17,7846.5889,2015,12,0,
24-10-17,7816.811,2090,16,0,
25-10-17,7525.2268,2098,16,0,
26-10-17,8534.9492,2409,25,0,
27-10-17,5790.5109,1566,19,0,
28-10-17,4349.4828,1104,9,0,
29-10-17,5581.6289,1420,19,0,
30-10-17,8554.4864,2284,11,0,
31-10-17,8749.5872,2259,18,0,
01-11-17,8554.0606,2105,17,0,
02-11-17,9023.3451,2322,14,0,
03-11-17,8463.5478,2320,10,0,
04-11-17,5512.5508,1439,15,0,
05-11-17,5807.6741,1507,13,0,
06-11-17,8760.801,2461,11,0,
07-11-17,9721.9365,2575,16,0,
08-11-17,8051.3566,2196,21,0,
09-11-17,8283.2714,2243,21,0,
10-11-17,8240.2387,2287,22,0,
11-11-17,5072.3534,1358,12,0,
12-11-17,6146.1243,1636,14,0,
13-11-17,8946.4599,2477,20,0,
14-11-17,9297.1219,2434,20,0,
15-11-17,9347.0248,2512,24,0,
16-11-17,9700.1222,2578,25,0,
17-11-17,8000.7785,2440,17,0,
18-11-17,4615.0416,1270,11,0,
19-11-17,5435.0836,1539,9,0,
20-11-17,8765.2017,2465,17,0,
21-11-17,8412.5801,2280,22,0,
22-11-17,10461.9354,2634,16,0,
23-11-17,8635.7349,2179,15,0,
24-11-17,8522.6884,2224,16,0,
25-11-17,6734.7692,1539,7,0,
26-11-17,5923.2983,1559,7,0,
27-11-17,8077.8557,2386,14,0,
28-11-17,8284.4414,2269,23,0,
29-11-17,10560.7397,2568,15,0,
30-11-17,9711.1182,2338,25,0,
01-12-17,8019.2306,1997,12,0,
02-12-17,5394.1222,1403,8,0,
03-12-17,5651.1682,1575,16,0,
04-12-17,9196.3942,2297,14,0,
05-12-17,8668.8604,2314,19,0,
06-12-17,8842.0946,2312,24,0,
07-12-17,8969.9125,2395,23,0,
08-12-17,8021.3569,2124,14,0,
09-12-17,5502.3957,1387,20,0,
10-12-17,5645.3278,1517,15,0,
11-12-17,9490.9445,2409,22,0,
12-12-17,9612.8227,2506,19,0,
13-12-17,8579.7106,2243,16,0,
14-12-17,8516.7972,2180,21,0,
15-12-17,6776.6883,1795,14,0,
16-12-17,4893.5481,1213,9,0,
17-12-17,4972.6836,1309,17,0,
18-12-17,9423.8838,2386,16,0,
19-12-17,8214.5652,2295,9,0,
20-12-17,9826.1331,2561,20,0,
21-12-17,7509.2225,2161,23,0,
22-12-17,7979.8138,1967,7,0,
23-12-17,4957.2275,1198,10,0,
24-12-17,4748.1779,1223,11,0,
25-12-17,4945.2356,1375,10,0,
26-12-17,5995.7253,1608,19,0,
27-12-17,6787.2848,1768,20,0,
28-12-17,7348.2725,1907,11,0,
29-12-17,5478,1561,15,0,
30-12-17,4442.0502,1030,13,0,
31-12-17,3272.411,835,11,0,
01-01-18,4521.9851,1153,11,14324,4.4261
02-01-18,8238.2143,2043,18,20258,4.7833
03-01-18,7100.0703,1929,16,19383,4.5297
04-01-18,8330.24,2119,14,19104,4.7739
05-01-18,6943.3336,1812,20,16984,4.9046
06-01-18,3906.376,1151,7,13303,4.3073
07-01-18,4683.7787,1287,15,13050,4.6513
08-01-18,8858.4337,2441,16,22257,4.457
09-01-18,8126.3535,2337,20,21729,4.6528
10-01-18,10266.1987,2994,20,27755,4.6118
11-01-18,9352.4264,2519,26,22831,4.8093
12-01-18,8550.4041,2252,17,23715,4.4149
13-01-18,4751.4968,1357,13,15979,4.3369
14-01-18,6945.2671,1614,11,15644,4.8709
15-01-18,8770.7579,2509,27,22416,4.702
16-01-18,8924.2509,2407,26,23652,4.6719
17-01-18,11902.4059,3099,30,29619,4.855
18-01-18,9407.7882,2523,26,23806,4.7215
19-01-18,7182.092,2150,19,23643,4.754
20-01-18,5385.9851,1401,20,18794,4.0332
21-01-18,5200.9033,1354,13,15949,3.9501
22-01-18,10881.6825,3219,25,29516,4.7906
23-01-18,10837.3432,3175,30,28818,4.8234
24-01-18,10830.2586,2798,20,27642,4.2978
25-01-18,8491.8211,2368,24,22381,4.9328
26-01-18,10069.3355,2661,19,27086,4.9177
27-01-18,6473.2763,1639,13,18264,4.6047
28-01-18,6810.3902,1664,17,19247,4.5617
29-01-18,14582.4475,3177,30,27580,4.9166
30-01-18,10409.7302,2680,24,26292,4.644
31-01-18,11061.7515,2973,35,27715,4.8025
01-02-18,10554.2447,2867,22,25028,5.33
02-02-18,11703.7807,2960,27,27802,4.9601
03-02-18,6234.8421,1848,12,21154,4.8029
04-02-18,8173.8318,2213,5,23513,4.0361
05-02-18,11736.6248,3197,17,29280,4.638
06-02-18,10954.6425,3001,19,25435,5.1268
07-02-18,13441.3337,3476,19,31675,4.985
08-02-18,11309.3026,2977,25,28815,4.6712
09-02-18,9588.2225,2675,21,26373,4.3719
10-02-18,6093.0981,1911,16,18962,5.1841
11-02-18,7074.4372,1886,21,20547,4.5359
12-02-18,11194.3435,3048,27,28636,4.5502
13-02-18,10608.4274,2718,15,23679,4.8693
14-02-18,11021.9473,3165,20,30324,4.8246
15-02-18,11658.8525,3024,23,26239,5.3241
16-02-18,9351.6014,2698,23,23829,4.7169
17-02-18,6451.2487,1725,19,18205,4.9876
18-02-18,10590.1421,2546,25,26549,4.8853
19-02-18,12110.755,3148,28,29582,4.7056
20-02-18,11904.0793,3266,21,31870,4.7568
21-02-18,11736.0517,3340,32,29238,4.7678
22-02-18,11349.0185,3099,18,29726,4.9553
23-02-18,11610.9598,2999,27,27246,4.9035
24-02-18,8649.7288,2108,24,21483,5.1529
25-02-18,7815.1872,2112,11,22990,4.7673
26-02-18,11323.1784,3111,25,26529,4.8098
27-02-18,12058.1692,3277,24,30022,4.7765
28-02-18,11931.1622,3267,19,27647,4.6985
01-03-18,10975.478,2830,16,26031,4.6906
02-03-18,10021.8506,2856,16,25279,4.6758
03-03-18,7310.3832,2031,12,20481,4.9021
04-03-18,7488.5601,2080,21,21640,4.9492
05-03-18,11279.8688,3052,22,26605,5.2058
06-03-18,11222.905,3104,26,25944,5.3076
07-03-18,12219.4586,3484,23,28655,4.8648
08-03-18,10997.3473,3044,24,27333,4.8988
09-03-18,11377.8694,3092,24,26724,4.6138
10-03-18,7132.1476,2126,20,20582,4.9752
11-03-18,6639.4966,1909,20,19830,4.6092
12-03-18,12028.9071,3549,35,30402,4.8122
13-03-18,11675.4541,3198,29,30685,4.5071
14-03-18,13118.2245,3738,24,31417,4.8636
15-03-18,13439.6197,3609,33,31161,4.5506
16-03-18,11598.6696,3068,26,30819,4.0462
17-03-18,6275.497,1739,19,22539,3.891
18-03-18,7740.4802,2188,17,23199,4.8407
19-03-18,14871.4464,3777,24,35743,4.7646
20-03-18,14905.9029,3801,29,33399,4.9103
21-03-18,15152.0513,3942,21,34795,4.9576
22-03-18,13414.8175,3499,32,34328,4.6085
23-03-18,12609.9781,3379,32,30877,4.7511
24-03-18,7650.0187,2010,22,24038,4.1601
25-03-18,8956.2249,2247,25,25481,4.521
26-03-18,14830.9662,4085,44,36438,5.1018
27-03-18,13915.0973,3722,32,32531,4.8108
28-03-18,12076.4375,3333,26,30641,4.7192
29-03-18,11990.385,3478,17,32835,4.9185
30-03-18,9634.4202,2660,20,27416,4.698
31-03-18,6734.7622,1912,24,21208,4.6068
01-04-18,7993.6755,2216,21,23247,5.2781
02-04-18,11911.9569,3269,28,28873,5.0566
03-04-18,12266.8236,3426,34,30879,4.9548
04-04-18,13742.2692,3685,28,35783,4.8906
05-04-18,12211.8924,3551,30,34809,4.8177
06-04-18,11843.9265,3047,17,28435,4.1779
07-04-18,6019.8728,1513,16,17116,4.2358
08-04-18,7045.3162,1886,24,20584,4.5958
09-04-18,11301.6511,3251,27,27410,4.4874
10-04-18,12018.6122,3280,27,32301,4.554
11-04-18,16202.4346,4135,27,36181,4.7262
12-04-18,14522.3304,3855,38,36838,4.6311
13-04-18,14344.6026,3656,38,34093,4.6021
14-04-18,9191.6114,2256,19,26230,4.4453
15-04-18,9477.7561,2490,16,26154,4.9514
16-04-18,14947.0026,3924,25,36189,4.6008
17-04-18,15220.8497,3959,22,35953,4.6116
18-04-18,15761.823,4169,37,38191,4.3885
19-04-18,14596.8021,3796,27,34877,4.4815
20-04-18,16554.7506,3967,34,37508,4.6337
21-04-18,8754.2757,2267,11,24335,4.4298
22-04-18,10831.0207,2523,24,26694,4.619
23-04-18,16643.445,4692,31,42044,4.5952
24-04-18,13597.0071,3883,24,38969,4.4523
25-04-18,16506.2034,4330,37,39247,4.5175
26-04-18,15046.9796,4330,26,40408,4.6426
27-04-18,14149.1847,3854,25,39959,4.2969
28-04-18,7461.5337,1939,18,21867,4.1615
29-04-18,8629.6758,2414,23,26808,4.6106
30-04-18,14095.58,3743,32,38627,4.3726
01-05-18,12457.2141,3283,18,32295,4.5487
02-05-18,14450.6433,3923,25,37865,4.2889
03-05-18,12849.7987,3626,25,34286,4.1037
04-05-18,13014.1939,3407,21,34519,4.2904
05-05-18,7914.5915,2107,19,23077,4.5153
06-05-18,7880.1428,2319,15,25299,4.4587
07-05-18,13557.5197,3721,26,37256,4.4664
08-05-18,14327.6297,3896,41,38539,4.2736
09-05-18,13543.1523,3865,27,35573,4.3291
10-05-18,13826.694,3874,40,34041,4.5328
11-05-18,14646.6699,3762,28,39637,4.0921
12-05-18,7376.9908,1818,16,22644,4.0143
13-05-18,8921.3621,2500,18,27644,4.3807
14-05-18,14732.4999,4197,21,38491,4.6946
15-05-18,14133.2195,3893,19,35856,4.677
16-05-18,15161.5244,4237,27,37239,4.6457
17-05-18,13608.7654,3604,35,32131,4.5034
18-05-18,14486.4142,3717,28,35232,4.547
19-05-18,7814.3074,2112,20,22350,4.3311
20-05-18,8671.7951,2269,26,22965,4.2543
21-05-18,15675.2926,4203,31,40560,4.4034
22-05-18,14847.0229,4043,35,37168,4.6707
23-05-18,17882.7329,5006,43,45752,4.8326
24-05-18,14083.6043,3852,33,35496,4.4343
25-05-18,13315.9936,3676,29,34818,4.1071
26-05-18,8302.1785,2353,26,26738,4.9069
27-05-18,8614.5472,2230,29,24708,4.5856
28-05-18,13247.586,3974,38,38506,4.6382
29-05-18,14239.254,3934,44,37779,4.574
30-05-18,18468.5333,5054,34,47477,4.5685
31-05-18,15109.6101,3945,40,37586,4.342
01-06-18,11946.4445,3482,42,34565,4.5103
02-06-18,7039.6082,1882,33,21389,4.2031
03-06-18,8719.4662,2252,25,25518,4.3381
04-06-18,18272.28,4526,33,42597,4.3548
05-06-18,16128.9395,4288,39,41596,4.4019
06-06-18,16431.5818,4241,32,38936,4.2634
07-06-18,16685.5467,4532,44,38987,4.9068
08-06-18,16834.7937,4140,33,39817,4.4654
09-06-18,8206.3169,2041,23,21452,4.6756
10-06-18,9765.7663,2434,29,31522,3.7212
11-06-18,18231.8925,4618,46,42148,4.7072
12-06-18,19072.1899,4785,51,40932,4.7933
13-06-18,18432.3859,4669,44,44534,4.2552
14-06-18,15530.9624,4434,36,42367,4.2486
15-06-18,13602.249,3881,30,37663,4.0013
16-06-18,7832.5844,2182,28,28214,3.8811
17-06-18,8559.1172,2307,26,27001,3.7962
18-06-18,16806.5999,4514,27,45990,4.1335
19-06-18,16582.817,4792,23,42200,4.481
20-06-18,17799.4168,4886,36,42472,4.3911
21-06-18,16411.2383,4566,40,38379,4.578
22-06-18,14947.7457,3924,34,38544,4.1874
23-06-18,7495.9162,1831,18,20167,4.3388
24-06-18,8260.099,2319,20,23941,4.5403
25-06-18,18461.519,4474,36,40010,4.6213
26-06-18,15495.0718,4214,32,34890,4.6776
27-06-18,15907.2242,4462,31,35970,4.9124
28-06-18,14322.439,3967,35,29872,4.7369
29-06-18,14404.8914,3608,28,30112,4.7257
30-06-18,8013.8307,1900,20,21304,4.1823
01-07-18,7866.6227,2028,11,21275,4.141
02-07-18,16299.9936,4260,31,36615,4.4681
03-07-18,14355.8138,3769,37,32127,4.5165
04-07-18,13445.3427,4043,38,32561,4.8678
05-07-18,14169.9692,3946,42,32018,4.841
06-07-18,10600.3168,3084,21,25130,4.7593
07-07-18,5894.4006,1659,16,18980,4.0569
08-07-18,7019.1786,1983,24,21511,3.8445
09-07-18,16067.5211,4267,44,37037,4.5198
10-07-18,14854.0067,4154,43,37736,4.2797
11-07-18,16359.8851,4443,30,38717,4.3263
12-07-18,14005.2238,3969,29,30273,4.542
13-07-18,13941.0099,3927,30,32776,4.9884
14-07-18,7399.6787,2049,26,21349,4.5201
15-07-18,7099.6064,1933,22,20634,4.0564
16-07-18,16249.9472,4410,28,36661,4.5989
17-07-18,14983.8659,4298,30,32675,5.0038
18-07-18,18554.0735,5035,36,38355,4.8103
19-07-18,15935.4906,4439,39,34477,4.5509
20-07-18,13521.2511,4039,34,35355,4.6415
21-07-18,7611.953,2099,23,20862,4.0265
22-07-18,8677.2787,2302,28,20010,4.5027
23-07-18,16032.412,4794,35,33636,5.0036
24-07-18,15471.6766,4395,45,32967,4.917
25-07-18,16399.3232,4563,42,36863,4.6388
26-07-18,14514.9318,4077,42,29666,4.9956
27-07-18,13130.8981,3814,28,32457,4.4305
28-07-18,6848.8823,1983,21,19549,4.1588
29-07-18,8368.286,2333,20,21397,4.524
30-07-18,16359.5358,4583,29,36420,5.0632
31-07-18,14212.5141,4215,44,31379,4.9906
01-08-18,13737.0414,3873,45,29831,4.7836
02-08-18,14423.5287,4013,24,29841,4.7418
03-08-18,13272.4433,3390,22,28290,4.3761
04-08-18,6998.7524,1839,19,18143,4.4094
05-08-18,8458.7202,2106,30,21243,4.2461
06-08-18,14470.9566,3958,31,29209,4.7554
07-08-18,13435.7317,3770,28,28373,5.2021
08-08-18,13645.3214,3729,31,27733,4.9147
09-08-18,12408.5787,3576,37,25847,4.8013
10-08-18,13412.7302,3623,41,26607,4.7394
11-08-18,7820.6465,1980,16,19932,4.1692
12-08-18,8284.5727,2067,31,20029,4.6133
13-08-18,18250.3551,4504,28,29852,5.075
14-08-18,14298.1568,4060,28,28749,5.3811
15-08-18,15489.1151,4221,28,30030,5.0416
16-08-18,13294.2335,3979,31,33325,4.5491
17-08-18,15268.907,3903,32,32403,4.5397
18-08-18,8670.0693,2154,70,24371,3.8817
19-08-18,9323.858,2367,32,24212,4.3284
20-08-18,19331.7139,4564,57,34528,4.8077
21-08-18,16655.8253,4205,32,34953,4.5261
22-08-18,17878.6493,4310,45,36202,4.508
23-08-18,18671.6551,4769,46,42718,4.5789
24-08-18,16247.9105,3924,43,37056,4.2935
25-08-18,7738.2927,1921,22,20924,4.0767
26-08-18,9458.7664,2245,27,22286,4.4557
27-08-18,16189.0422,4615,43,38268,4.7768
28-08-18,16809.32,4961,43,44310,4.1932
29-08-18,18983.0137,5076,38,43753,4.6694
30-08-18,19530.8149,5049,46,47467,4.1039
31-08-18,15459.3844,4114,29,36394,4.3826
01-09-18,8402.7111,2110,21,24263,3.9979
02-09-18,10006.4225,2612,29,26160,4.8242
03-09-18,16005.3974,4395,31,37238,4.823
04-09-18,15251.8922,4233,28,34598,4.6592
05-09-18,18721.4845,4904,43,39807,4.7027
06-09-18,16586.0369,4421,21,35471,4.5784
07-09-18,16689.3185,4057,37,36907,4.2594
08-09-18,8805.5746,2197,14,24935,3.6816
09-09-18,10483.9208,2646,25,24267,4.8049
10-09-18,17765.7553,4799,28,39651,4.6228
11-09-18,17118.6047,4730,47,36463,4.6952
12-09-18,18230.6906,5158,46,38676,4.8325
13-09-18,15386.5156,4422,35,34496,4.415
14-09-18,15393.1621,4141,25,36633,3.8845
15-09-18,8401.611,2404,27,25623,3.7349
16-09-18,9550.072,2621,28,25423,4.3032
17-09-18,19276.9603,5292,38,40309,4.6937
18-09-18,19566.8115,5637,31,40698,4.7349
19-09-18,21401.0926,5762,55,43092,4.632
20-09-18,17254.2769,4837,36,36283,4.9004
21-09-18,16773.9329,4463,33,36733,4.3558
22-09-18,8659.873,2296,27,22059,4.2976
23-09-18,10574.4602,2708,38,25136,4.6388
24-09-18,17794.2091,5031,43,39113,4.5202
25-09-18,17415.9388,4888,44,38182,4.5807
26-09-18,17209.365,5013,44,34769,5.1138
27-09-18,16587.0357,4595,36,33647,4.458
28-09-18,15503.6372,4200,30,34109,4.3214
29-09-18,9074.8862,2385,25,23122,4.4157
30-09-18,9862.4664,2432,29,24549,4.2446
01-10-18,16067.6378,4432,39,34668,4.4191
02-10-18,15288.2181,4126,25,26222,4.5954
03-10-18,18888.8119,4839,25,37088,4.705
04-10-18,16468.9387,4375,30,33630,4.6268
05-10-18,15222.91,4274,35,32894,4.4537
06-10-18,7962.4446,2114,22,21607,4.008
07-10-18,9345.9891,2502,24,23075,4.2817
08-10-18,18730.7383,5119,42,38524,4.8437
09-10-18,16318.0358,4682,34,34773,4.3798
10-10-18,18137.4432,5266,21,39293,5.0162
11-10-18,17268.6843,4805,36,34509,4.9176
12-10-18,14517.3396,3958,35,32049,4.6148
13-10-18,8983.993,2246,15,24937,3.978
14-10-18,10006.2248,2717,28,26200,4.4275
15-10-18,16681.3335,5199,26,40804,4.676
16-10-18,19095.5685,5176,37,45095,4.1579
17-10-18,20271.6315,5277,35,42329,4.4272
18-10-18,17976.9636,5493,28,41913,4.8959
19-10-18,16429.0921,5004,25,37953,4.9535
20-10-18,9306.4186,2758,22,29250,4.1162
21-10-18,10520.3344,2696,20,25772,4.1984
22-10-18,19275.052,5426,23,39767,4.8055
23-10-18,18520.3926,5225,39,38678,4.7986
24-10-18,19776.89,5931,40,41978,4.8621
25-10-18,18478.5097,5114,49,39431,4.4939
26-10-18,16624.4226,4616,42,36992,4.0198
27-10-18,10093.3186,2458,20,23425,4.0512
28-10-18,10615.096,2855,27,23521,4.7362
29-10-18,19252.4979,5376,39,38861,4.8146
30-10-18,19464.6339,5611,40,40081,4.6556
31-10-18,19248.1432,5529,41,40356,4.8766
01-11-18,17896.2047,5188,32,36124,4.7641
02-11-18,14833.7542,4436,27,36532,4.2429
03-11-18,8691.5697,2468,31,26147,4.1343
04-11-18,10224.0191,3086,40,26830,5.028
05-11-18,15677.851,4684,26,35200,4.2983
06-11-18,15812.5022,4581,34,31784,4.7603
07-11-18,17956.4087,4927,35,34207,4.7797
08-11-18,15583.6794,4514,26,31178,4.7213
09-11-18,13927.9884,3800,31,31053,4.4247
10-11-18,8856.6381,2583,25,22034,4.4114
11-11-18,9166.0444,2470,26,21750,4.3586
12-11-18,15600.5179,4292,32,28194,5.1075
13-11-18,18531.8642,5366,23,36949,4.7552
14-11-18,17824.0629,5195,47,33660,5.0416
15-11-18,19901.1545,5409,41,38524,4.7062
16-11-18,19799.0271,4960,31,39103,4.9203
17-11-18,12638.2912,3180,16,30512,4.5392
18-11-18,13106.0256,3558,36,32709,4.6012
19-11-18,20957.2758,5370,43,39986,4.8192
20-11-18,19399.1664,5041,41,38655,4.4936
21-11-18,20691.7355,5634,40,39824,4.8363
22-11-18,16258.1144,4366,34,30352,5.1726
23-11-18,15988.1461,4355,30,38290,4.5834
24-11-18,9599.9062,2539,32,25680,4.3497
25-11-18,10721.9743,2918,33,27155,4.6769
26-11-18,24068.0354,5739,27,43062,4.7745
27-11-18,20867.4899,5681,49,44913,4.8427
28-11-18,20957.506,5418,35,40897,4.5187
29-11-18,19432.4911,5233,36,40909,4.8962
30-11-18,18226.1021,4619,40,38039,4.5795
01-12-18,11078.1025,2728,24,27353,4.069
02-12-18,11708.3905,3001,39,29472,4.2549
03-12-18,20456.63,5465,27,45019,4.8224
04-12-18,18967.1581,5216,53,44287,4.2902
05-12-18,19024.2363,5168,31,41576,4.3198
06-12-18,17356.0228,4911,45,39569,4.4555
07-12-18,15787.2427,4273,18,37565,4.0996
08-12-18,10334.3232,2674,20,29177,4.2705
09-12-18,11731.0235,3069,28,28044,4.4252
10-12-18,18253.0051,5173,30,40455,4.5977
11-12-18,18173.4228,5025,35,37321,4.7185
12-12-18,20500.2227,5954,-8,44315,5.5354
13-12-18,19090.0196,5302,34,41372,4.7617
14-12-18,16098.4521,4524,26,39588,4.3549
15-12-18,9607.4329,2474,31,26618,4.2039
16-12-18,10902.6703,2861,22,25688,4.6481
17-12-18,16857.6738,4679,29,35410,4.5383
18-12-18,17681.0095,4864,24,35229,4.7546
19-12-18,15471.7923,4367,26,36419,4.2258
20-12-18,15474.0126,4324,39,31841,4.601
21-12-18,11435.851,3419,18,29287,4.1418
22-12-18,7155.7516,1910,17,20106,4.3271
23-12-18,7298.796,1872,22,18099,4.2378
24-12-18,7442.7996,2086,19,17994,4.4682
25-12-18,7637.98,2089,25,21500,4.3023
26-12-18,11127.7334,2919,24,24806,4.6319
27-12-18,11709.2503,3120,29,27596,4.1383
28-12-18,9686.2001,2603,20,24128,4.1446
29-12-18,6305.0301,1720,24,16513,4.0453
30-12-18,6850.4037,2028,17,21436,3.8487
31-12-18,6762.9667,1777,10,16600,4.0783
01-01-19,7217.1039,1878,12,19039,4.0023
02-01-19,14596.6541,3861,29,29736,4.9099
03-01-19,15288.9585,4175,17,35120,4.6754
04-01-19,12409.0565,3556,15,25663,4.6994
05-01-19,6757.0734,1967,16,20181,4.083
06-01-19,9262.7675,2499,24,20405,5.0723
07-01-19,16395.4278,4917,75,36489,4.8042
08-01-19,16501.3328,4891,84,36584,4.8546
09-01-19,16322.1964,4795,42,39063,4.4697
10-01-19,14863.6456,4314,67,33728,4.4859
11-01-19,13804.9925,3967,47,33983,4.4463
12-01-19,8098.0595,2228,25,25578,4.0973
13-01-19,8601.1231,2485,29,26523,4.219
14-01-19,15974.2091,4695,35,35482,4.7602
15-01-19,15718.3849,4435,43,33984,4.5286
16-01-19,16713.7638,4757,34,31234,5.0266
17-01-19,16360.841,4661,40,33120,4.7403
18-01-19,17024.5328,4533,22,35746,4.4005
19-01-19,9647.8658,2468,15,25773,4.0003
20-01-19,11861.9204,3003,28,30819,4.3415
21-01-19,18563.7411,5219,34,40421,4.7277
22-01-19,17053.2737,4932,38,39306,4.6583
23-01-19,19888.5942,5708,65,44841,4.9531
24-01-19,20909.4775,5607,38,43601,4.6582
25-01-19,17115.6062,4660,30,38188,4.6323
26-01-19,10308.1465,2666,28,30582,3.8912
27-01-19,11692.6623,3042,17,28298,4.5551
28-01-19,19800.7607,5386,27,37381,4.8822
29-01-19,19482.6858,5367,46,41662,4.6229
30-01-19,21435.1448,5931,44,42143,5.0352
31-01-19,18478.3047,5316,20,37356,5.1612
01-02-19,15339.4357,4414,26,35776,4.3912
02-02-19,8605.8346,2368,26,26864,3.8453
03-02-19,10155.5748,2874,34,26338,4.5448
04-02-19,18204.5275,5277,20,39830,4.6422
05-02-19,17767.9148,5006,38,44990,4.2076
06-02-19,19503.5988,5746,37,41389,5.156
07-02-19,17619.8516,5151,31,35834,5.0008
08-02-19,15220.4295,4440,30,33224,4.6472
09-02-19,10520.8722,3015,37,25211,5.0177
10-02-19,12010.3003,3198,23,28238,4.5648
11-02-19,19679.9605,5463,32,42147,4.8805
12-02-19,18561.4816,5273,50,37022,4.8647
13-02-19,22031.3365,6325,33,44152,5.3225
14-02-19,20145.5119,5791,38,42528,4.7968
15-02-19,17247.3576,4985,42,38400,4.6406
16-02-19,11469.4479,2877,30,30937,3.9791
17-02-19,13111.1546,3273,27,29587,4.5763
18-02-19,22231.9071,6063,46,49684,4.6232
19-02-19,21410.5993,5709,30,44827,4.5954
20-02-19,22954.5853,6368,29,45976,4.7634
21-02-19,19908.4442,5627,47,42796,4.5939
22-02-19,16234.3439,4719,31,36822,4.5136
23-02-19,10360.9753,2955,32,29772,4.2053
24-02-19,12965.9457,3340,35,28973,4.8045
25-02-19,21145.0536,6088,33,41704,5.1722
26-02-19,19623.3486,5532,38,39952,4.8608
27-02-19,23587.0523,6649,42,47268,5.3503
28-02-19,20985.285,6105,53,48513,4.9616
01-03-19,17327.1764,5072,32,43887,4.1926
02-03-19,9871.8222,2907,40,31950,4.2379
03-03-19,12560.1298,3497,26,33613,4.3257
04-03-19,19983.3279,5732,36,41713,4.8594
05-03-19,22031.0281,6037,43,47106,4.7531
06-03-19,22046.6262,6059,36,49469,4.2815
07-03-19,19510.2094,5505,34,38871,5.1118
08-03-19,18936.9727,5139,25,41382,4.4899
09-03-19,12271.1388,3156,31,35506,3.974
10-03-19,11816.7022,3203,21,29177,4.4042
11-03-19,21902.2246,6161,37,44615,4.7899
12-03-19,22384.4447,6276,48,46081,4.874
13-03-19,27349.8409,6976,44,50767,5.2258
14-03-19,27563.7814,7256,59,57579,4.816
15-03-19,21177.6492,5752,53,48178,4.1907
16-03-19,11973.1508,3237,27,33829,4.7474
17-03-19,13518.3758,3606,32,32975,4.6641
18-03-19,26214.705,6976,43,52482,4.7712
19-03-19,23691.8929,6487,130,52711,4.2382
20-03-19,22473.0053,6517,55,53870,4.3809
21-03-19,21723.8292,6199,48,47172,4.5896
22-03-19,18992.5111,5506,33,47406,4.1282
23-03-19,12501.2424,3164,30,33314,4.3976
24-03-19,12462.3104,3406,31,30852,4.5119
25-03-19,24570.8857,6673,42,50126,4.8258
26-03-19,23478.0986,7086,50,53188,4.5029
27-03-19,23685.2037,6979,48,53867,4.7729
28-03-19,23901.1702,6733,50,51150,4.6999
29-03-19,20226.6253,5691,48,42539,4.7627
30-03-19,11934.3247,3108,32,30133,4.2744
31-03-19,11391.0022,3323,19,29964,4.2518
01-04-19,21117.094,6103,32,42551,4.7096
02-04-19,20402.514,6146,45,45884,4.4613
03-04-19,26017.8506,6917,53,55868,4.8167
04-04-19,22060.2685,5945,50,47802,4.2216
05-04-19,20187.9875,5335,32,49188,3.6818
06-04-19,10301.7577,2713,27,33234,3.7702
07-04-19,11467.8156,3003,32,32036,3.7427
08-04-19,26232.2431,7346,56,51899,5.0714
09-04-19,23412.9808,6509,48,53649,4.5593
10-04-19,23375.9048,6701,37,55563,4.2582
11-04-19,25682.7925,6702,51,54441,4.3129
12-04-19,22787.9683,5883,55,51702,4.0811
13-04-19,14635.7744,3759,35,41498,3.8628
14-04-19,17820.334,5082,39,44600,4.1973
15-04-19,25826.6465,6833,42,56120,4.3942
16-04-19,24458.6671,6513,47,57819,4.3014
17-04-19,24180.7263,6629,47,48778,4.5922
18-04-19,19506.6879,5234,45,47450,3.8019
19-04-19,16181.1567,4482,28,42993,4.1751
20-04-19,10972.1708,2798,24,32594,3.5497
21-04-19,11318.488,3061,23,34522,3.7483
22-04-19,18940.9737,5176,41,44349,4.0317
23-04-19,22785.7861,6126,38,53524,3.7497
24-04-19,24727.6286,6827,48,55486,4.0713
25-04-19,21809.6462,5943,51,51284,4.0539
26-04-19,20417.5618,5373,47,45721,3.8888
27-04-19,11832.221,3124,28,32012,3.8173
28-04-19,12917.5466,3184,27,36893,3.483
29-04-19,26605.0066,6989,43,55323,4.4918
30-04-19,21684.9829,5958,45,58301,3.7066
01-05-19,22346.493,5746,38,54582,4.1094
02-05-19,22001.8855,6008,46,50440,4.2169
03-05-19,19805.9084,5565,38,48919,4.1906
04-05-19,10706.3845,2610,29,30360,3.475
05-05-19,13422.1651,3380,42,37438,3.9131
06-05-19,24500.2887,6524,40,58542,4.1116
07-05-19,23000.9517,6206,47,51544,4.243
08-05-19,25178.38,6520,44,53686,4.0569
09-05-19,23070.0797,6250,43,52958,4.2241
10-05-19,20286.9109,5513,32,45887,4.1232
11-05-19,10021.4577,2815,43,31076,3.8293
12-05-19,12319.1343,3126,23,33715,3.847
13-05-19,23107.0298,6438,59,54079,4.2771
14-05-19,22438.9935,6227,52,51011,4.0599
15-05-19,29679.459,7596,48,60289,4.4121
16-05-19,25150.8462,6677,37,59190,4.0176
17-05-19,21446.2959,5824,44,55681,3.6871
18-05-19,12787.8885,3150,41,38634,3.6729
19-05-19,14105.3434,3747,41,40045,4.2078
20-05-19,29274.5643,7515,51,70666,4.234
21-05-19,27780.223,7456,42,64259,4.1146
22-05-19,26019.8303,6937,49,65528,3.7709
23-05-19,22538.8054,6308,56,54283,3.9589
24-05-19,23498.6263,5577,43,54649,3.797
25-05-19,12191.6951,2979,36,34655,3.8436
26-05-19,13141.1719,3259,22,40287,3.629
27-05-19,22819.1126,6065,34,59920,3.8168
28-05-19,22818.3811,6306,44,55375,3.9892
29-05-19,25299.6221,6939,48,63545,3.7784
30-05-19,19943.8081,5571,46,48026,3.7896
31-05-19,20353.0338,5421,43,47826,3.9602
01-06-19,8853.5354,2392,27,31951,3.3051
02-06-19,11135.5421,3096,26,35393,3.6589
03-06-19,20930.7823,6008,40,51493,4.1695
04-06-19,21468.0096,6048,41,47303,4.004
05-06-19,23544.5552,6569,44,53886,3.9955
06-06-19,21566.4817,6502,46,52795,4.0515
07-06-19,26570.7507,5708,24,50666,3.8645
08-06-19,15140.9041,3157,31,35777,3.5749
09-06-19,14164.4762,3518,27,38546,3.7799
10-06-19,22923.8602,5997,38,53438,3.7763
11-06-19,29868.304,7209,56,62413,3.8213
12-06-19,26777.8448,6716,43,61093,3.5225
13-06-19,27411.699,7040,41,57965,3.8264
14-06-19,25148.6466,6164,37,55932,3.7581
15-06-19,12027.883,2731,38,31229,3.4327
16-06-19,12034.2679,3122,18,30715,3.8353
17-06-19,27075.6656,7212,52,60885,4.139
18-06-19,25529.9009,6808,60,54917,4.0534
19-06-19,26003.9259,6928,32,54749,4.1498
20-06-19,22444.855,6249,55,50207,3.9935
21-06-19,19623.7145,5314,41,45619,3.972
22-06-19,9721.5409,2584,32,29762,3.3835
23-06-19,11986.4191,3195,25,32241,4.2648
24-06-19,28197.5577,7573,47,63298,4.5152
25-06-19,25833.2424,6910,54,52026,4.2344
26-06-19,26282.92,7360,60,62185,4.0589
27-06-19,22974.2074,6295,52,48930,4.1856
28-06-19,23191.3118,5517,41,49942,3.6803
29-06-19,11750.7625,2727,30,32876,3.4463
30-06-19,13330.0721,3207,25,34182,3.8471
01-07-19,30276.9887,7104,32,60760,4.2413
02-07-19,26720.0559,6574,53,62062,3.7978
03-07-19,28557.5808,7055,36,64464,3.7944
04-07-19,23973.8741,6256,46,57284,4.0954
05-07-19,20579.3775,5444,46,47168,4.043
06-07-19,11403.3219,2712,26,31554,3.4734
07-07-19,13515.9318,3380,32,0,
